partner,name_clean,status,category,cities,revenue,activations,first_activation,last_activation
ROYAL THAI,ROYAL THAI,active,Спа/массаж/баня,Москва;Санкт-Петербург,7812282,2542,2024-01-01,2026-08-29
MOTO RU,MOTO RU,active,Мото/квадро/багги/снегоход,"Москва, Санкт-Петербург;Санкт-Петербург",2556988,779,2024-01-02,2026-08-29
Первые линии,Первые линии,active,Вода: яхты/катера/сап/сёрф/вейк/дайв,Москва;Санкт-Петербург,2167113,428,2024-01-20,2026-08-27
Партнёр не указан,Партнёр не указан,inactive,Гончарка/творческие МК,Москва;Санкт-Петербург,2123677,603,2024-01-02,2026-08-29
Boattrip (AstraMarine),Boattrip,active,Вода: яхты/катера/сап/сёрф/вейк/дайв,Москва;Санкт-Петербург,1911557,600,2024-04-12,2026-08-28
Ginza Project,Ginza Project,active,Кулинария/гастро/рестораны,Москва;Санкт-Петербург,1663423,502,2024-01-03,2026-08-29
Wai Thai,Wai Thai,active,Спа/массаж/баня,Москва;Санкт-Петербург,1617670,374,2025-01-24,2026-08-27
Golden Horses (Токсово),Golden Horses,active,Конные/фермы/животные,"Москва;Москва, Санкт-Петербург;Санкт-Петербург",1584525,540,2024-01-09,2026-08-29
Dz Putilovo,Dz Putilovo,active,Экскурсии/музеи/театр/концерты,Санкт-Петербург,1385400,133,2024-03-23,2026-08-24
Royal Thai (Москва) - не сотрудничаем,Royal Thai,inactive,Спа/массаж/баня,Москва;Санкт-Петербург,1317315,460,2024-01-07,2025-04-25
Vkadre,Vkadre,active,Фото/студии автопортрета,Москва;Санкт-Петербург,1305539,296,2024-01-05,2026-08-27
Аэростат,Аэростат,active,Полёты/парашют/аэротруба/шар,Санкт-Петербург,1291701,66,2024-04-17,2026-08-09
FLYARENA,FLYARENA,active,Полёты/парашют/аэротруба/шар,"Москва;Москва, Санкт-Петербург;Санкт-Петербург",1269010,304,2024-01-01,2026-08-27
Pro-kvad24.ru,Pro-kvad24.ru,active,Мото/квадро/багги/снегоход,Москва;Санкт-Петербург,1174950,289,2024-03-21,2026-08-29
Sky Stream,Sky Stream,active,Полёты/парашют/аэротруба/шар,Санкт-Петербург,1096700,348,2024-01-21,2026-08-29
Forest Glamp,Forest Glamp,active,Глэмпинг/загород/отели,Москва;Санкт-Петербург,1035276,170,2024-01-13,2026-08-23
Москвич,Москвич,active,Авто/дрифт/картинг/гонки,Москва;Санкт-Петербург,1033320,273,2024-07-02,2026-08-27
Гончарная студия №1 - работает только по старым сертификатам,Гончарная студия №1,inactive,Гончарка/творческие МК,Москва;Санкт-Петербург,1019171,418,2024-01-02,2025-08-11
Shanti Home,Shanti Home,active,Спа/массаж/баня,Санкт-Петербург,1013290,92,2024-01-03,2026-08-29
Timati Karting (СПб),Timati Karting,active,Авто/дрифт/картинг/гонки,"Москва, Санкт-Петербург;Санкт-Петербург",1002879,353,2024-01-05,2026-08-29
Наборы,Наборы,inactive,Прочее,Москва;Санкт-Петербург,971307,273,2024-12-21,2026-08-28
Eco-rent,Eco-rent,active,Экскурсии/музеи/театр/концерты,Санкт-Петербург,915600,183,2024-04-08,2026-08-18
Surf Club,Surf Club,active,Вода: яхты/катера/сап/сёрф/вейк/дайв,Санкт-Петербург,838305,257,2024-01-05,2026-08-27
Посещение театра,Посещение театра,active,Экскурсии/музеи/театр/концерты,Москва;Санкт-Петербург,837485,129,2024-09-27,2026-08-27
Vzletim (записываем в исключительных случаях),Vzletim,inactive,Полёты/парашют/аэротруба/шар,Санкт-Петербург,803390,98,2024-01-20,2025-11-29
FLYSTATION,FLYSTATION,active,Полёты/парашют/аэротруба/шар,Санкт-Петербург,789880,197,2024-01-09,2026-08-29
На катере Спб и Мск (актуально),На катере Спб и Мск,active,Вода: яхты/катера/сап/сёрф/вейк/дайв,Москва;Санкт-Петербург,746888,123,2024-05-16,2026-08-27
Стрелковый клуб №1 (МСК),Стрелковый клуб №1,active,Стрельба/тир/лук/фехтование/танк,Москва;Санкт-Петербург,728448,234,2024-01-11,2026-08-25
Флоатинг Elixir,Флоатинг Elixir,active,Флоатинг,Санкт-Петербург,719200,254,2024-11-07,2026-08-22
"Парусная школа ""Горская""","Парусная школа ""Горская""",active,Вода: яхты/катера/сап/сёрф/вейк/дайв,Санкт-Петербург,705000,80,2024-05-05,2026-08-26
Primo Karting,Primo Karting,active,Авто/дрифт/картинг/гонки,Санкт-Петербург,691343,278,2024-01-06,2026-08-25
Osteria Amici/TAO,Osteria Amici/TAO,active,Кулинария/гастро/рестораны,Москва;Санкт-Петербург,685337,154,2024-03-19,2026-08-22
"Глемпинг ""Vuoksa Camp"" карточки скрыты с сайта, записываем только старые сертификаты","Глемпинг ""Vuoksa Camp"" карточки скрыты с сайта, записываем только старые сертификаты",inactive,Глэмпинг/загород/отели,Санкт-Петербург,668263,72,2024-01-07,2025-09-03
Океанариум Москва,Океанариум Москва,active,Конные/фермы/животные,Москва;Санкт-Петербург,664701,217,2024-09-11,2026-08-28
Race X,Race X,active,Авто/дрифт/картинг/гонки,Москва;Санкт-Петербург,661500,35,2024-10-13,2026-08-27
"Конный Клуб ""Булава""","Конный Клуб ""Булава""",active,Конные/фермы/животные,Санкт-Петербург,628570,211,2024-01-14,2026-08-24
"Гончарная студия ""Organica""","Гончарная студия ""Organica""",active,Гончарка/творческие МК,Москва;Санкт-Петербург,624496,231,2025-01-28,2026-08-28
Арт-студия Artista (ООО Артиста Хендмейд),Арт-студия Artista,active,Гончарка/творческие МК,Санкт-Петербург,619227,163,2024-01-20,2026-08-27
Стрелковый клуб №1 (СПб),Стрелковый клуб №1,active,Стрельба/тир/лук/фехтование/танк,Санкт-Петербург,608299,232,2024-01-04,2026-08-25
"Загородный клуб ""Давинчи Парк"" (не работаем, см комментарий)","Загородный клуб ""Давинчи Парк""",inactive,Глэмпинг/загород/отели,Санкт-Петербург,592141,77,2024-01-11,2026-03-30
ARTISTA ИП Вишнякова,ARTISTA ИП Вишнякова,active,Гончарка/творческие МК,Санкт-Петербург,590490,204,2024-01-02,2026-08-29
Кулинарная школа №1,Кулинарная школа №1,active,Кулинария/гастро/рестораны,Москва;Санкт-Петербург,579231,128,2024-01-03,2026-08-26
ССК Невский,ССК Невский,active,Вода: яхты/катера/сап/сёрф/вейк/дайв,Санкт-Петербург,570354,94,2024-01-04,2026-08-25
IRis (Айрис) МСК,IRis,active,VR/квесты/игры/развлечения,Москва;Санкт-Петербург,567572,224,2025-03-22,2026-08-29
AutoDrom,AutoDrom,active,Авто/дрифт/картинг/гонки,Санкт-Петербург,525150,126,2024-01-12,2026-08-29
"Глэмпинг ""Заповедник""","Глэмпинг ""Заповедник""",active,Глэмпинг/загород/отели,Москва;Санкт-Петербург,522645,67,2024-10-27,2026-08-26
Игра Столов МСК,Игра Столов МСК,active,VR/квесты/игры/развлечения,"Москва;Москва, Санкт-Петербург;Санкт-Петербург",520380,74,2024-01-17,2026-08-27
Посещение театра (СПб),Посещение театра,active,Экскурсии/музеи/театр/концерты,Москва;Санкт-Петербург,511160,123,2024-07-26,2026-08-10
"Ресторан ""Be italian""","Ресторан ""Be italian""",active,Кулинария/гастро/рестораны,Санкт-Петербург,505521,108,2025-08-10,2026-08-26
Гончарная студия №1 (МСК) работаем только по старым сертификатам,Гончарная студия №1,inactive,Гончарка/творческие МК,Москва;Санкт-Петербург,502603,166,2024-01-10,2025-12-12
"Пространство здоровья ""Благодар""","Пространство здоровья ""Благодар""",active,Спа/массаж/баня,Санкт-Петербург,486192,165,2024-01-04,2026-08-27
"Ресторан ""Большая кухня""","Ресторан ""Большая кухня""",active,Кулинария/гастро/рестораны,Санкт-Петербург,484569,81,2024-04-27,2026-08-29
PiterGame,PiterGame,active,VR/квесты/игры/развлечения,Санкт-Петербург,454083,286,2024-01-02,2026-08-28
"Ресторан ""ITALICA""","Ресторан ""ITALICA""",active,Кулинария/гастро/рестораны,Москва;Санкт-Петербург,452862,121,2024-02-06,2026-08-29
Культура заноса,Культура заноса,active,Авто/дрифт/картинг/гонки,Санкт-Петербург,448600,56,2024-02-04,2026-08-26
Timati Karting (МСК),Timati Karting,active,Авто/дрифт/картинг/гонки,Москва;Санкт-Петербург,447867,126,2024-02-04,2026-08-29
Джип Тур (СПб),Джип Тур,active,Экскурсии/музеи/театр/концерты,"Москва, Санкт-Петербург;Санкт-Петербург",444600,64,2024-03-01,2026-07-28
Vegas Картинг,Vegas Картинг,active,Авто/дрифт/картинг/гонки,Москва;Санкт-Петербург,439117,134,2024-02-07,2026-08-29
"Ресторан ""Nobel""","Ресторан ""Nobel""",active,Кулинария/гастро/рестораны,Санкт-Петербург,434217,138,2024-01-10,2026-08-28
HandyClass (МСК),HandyClass,active,Гончарка/творческие МК,Москва;Санкт-Петербург,418735,107,2024-05-14,2026-08-20
IRis (Айрис) СПб,IRis,active,VR/квесты/игры/развлечения,Москва;Санкт-Петербург,402781,189,2025-04-02,2026-08-29
Океанариум Спб,Океанариум Спб,active,Конные/фермы/животные,Санкт-Петербург,394660,235,2024-01-01,2026-08-21
Вокруг света,Вокруг света,active,Экскурсии/музеи/театр/концерты,Москва;Санкт-Петербург,380664,67,2024-05-13,2026-08-22
ПараГуру,ПараГуру,active,Полёты/парашют/аэротруба/шар,Москва;Санкт-Петербург,372400,88,2024-09-02,2026-08-29
WineJet,WineJet,active,Кулинария/гастро/рестораны,Санкт-Петербург,370189,115,2024-01-09,2026-08-30
Sup Patrol & Snow Express,Sup Patrol & Snow Express,active,Вода: яхты/катера/сап/сёрф/вейк/дайв,Санкт-Петербург,368262,136,2025-05-11,2026-08-21
Prosto Leti,Prosto Leti,active,Полёты/парашют/аэротруба/шар,Москва;Санкт-Петербург,368030,73,2024-05-16,2026-08-26
Катер без капитана Ривер Тиффани,Катер без капитана Ривер Тиффани,active,Вода: яхты/катера/сап/сёрф/вейк/дайв,Санкт-Петербург,364650,87,2025-05-15,2026-08-27
СпортАвиаСервис (Углово),СпортАвиаСервис,active,Полёты/парашют/аэротруба/шар,Санкт-Петербург,364590,90,2024-07-16,2026-08-26
PitPiter,PitPiter,active,VR/квесты/игры/развлечения,Санкт-Петербург,359725,81,2024-02-07,2026-08-14
Лига Бар,Лига Бар,active,Кулинария/гастро/рестораны,Москва;Санкт-Петербург,359450,81,2024-01-04,2026-08-28
Double Ride,Double Ride,stale,VR/квесты/игры/развлечения,Санкт-Петербург,344000,48,2024-01-04,2026-02-25
Cerami'Co,Cerami'Co,active,Гончарка/творческие МК,Санкт-Петербург,339760,85,2025-04-18,2026-08-29
Квадропрокат (временно не работают),Квадропрокат,inactive,Мото/квадро/багги/снегоход,Санкт-Петербург,338330,59,2024-02-18,2026-07-29
Shark Fly (закрылись),Shark Fly,inactive,Полёты/парашют/аэротруба/шар,Санкт-Петербург,332920,79,2024-05-21,2026-08-01
ДОСААФ,ДОСААФ,active,Полёты/парашют/аэротруба/шар,Санкт-Петербург,327300,45,2024-04-11,2026-08-05
Чудная мастерская,Чудная мастерская,active,Гончарка/творческие МК,Москва;Санкт-Петербург,327225,120,2024-02-14,2026-08-28
ROOMS,ROOMS,active,VR/квесты/игры/развлечения,Санкт-Петербург,319575,122,2025-07-05,2026-08-26
На снегоходе.ру Спб и Мск,На снегоходе.ру Спб и Мск,active,Мото/квадро/багги/снегоход,Москва;Санкт-Петербург,315384,53,2024-01-03,2026-03-04
"Флоатинг ""Тишина""","Флоатинг ""Тишина""",active,Флоатинг,Москва;Санкт-Петербург,315128,59,2025-04-18,2026-08-29
Let's drift,Let's drift,active,Авто/дрифт/картинг/гонки,Санкт-Петербург,311100,21,2024-04-17,2026-08-19
SP Music,SP Music,active,Здоровье/йога/растяжка/танцы/голос,"Москва, Санкт-Петербург;Санкт-Петербург",305742,61,2024-04-20,2026-08-22
"Конный клуб ""Релакс""","Конный клуб ""Релакс""",active,Конные/фермы/животные,Москва;Санкт-Петербург,304156,57,2025-01-01,2026-08-26
Freezone (полет),Freezone,active,Полёты/парашют/аэротруба/шар,Москва;Санкт-Петербург,297363,88,2024-01-10,2026-08-07
Частное лицо (Игорь) - не работаем,Частное лицо,inactive,Прочее,Санкт-Петербург,292500,33,2024-04-24,2024-09-08
Кивиниеми,Кивиниеми,active,Глэмпинг/загород/отели,Санкт-Петербург,281565,43,2024-01-27,2026-08-26
WakeHouse (не работаем),WakeHouse,inactive,Вода: яхты/катера/сап/сёрф/вейк/дайв,Санкт-Петербург,280800,48,2024-05-27,2026-07-20
Воздушные шары MagicFlight,Воздушные шары MagicFlight,active,Полёты/парашют/аэротруба/шар,Москва,280728,15,2026-06-06,2026-08-26
Ochey СПБ и Мск (актуально),Ochey СПБ и Мск,active,Экскурсии/музеи/театр/концерты,Москва;Санкт-Петербург,279965,178,2024-01-04,2026-08-24
"Клуб чайной культуры ""ЧаЕ""","Клуб чайной культуры ""ЧаЕ""",active,Кулинария/гастро/рестораны,Москва;Санкт-Петербург,274895,102,2024-01-12,2026-08-28
"Глэмпинг ""След Лося""","Глэмпинг ""След Лося""",active,Глэмпинг/загород/отели,Москва;Санкт-Петербург,274053,31,2025-02-13,2026-08-27
Ballers Street,Ballers Street,active,Глэмпинг/загород/отели,Москва,273407,84,2024-10-24,2026-08-26
SurfWay,SurfWay,active,Вода: яхты/катера/сап/сёрф/вейк/дайв,Москва;Санкт-Петербург,269500,42,2024-04-24,2026-08-25
"Полеты в Путилово (карточки скрыты, не записываем на полеты)",Полеты в Путилово,inactive,Полёты/парашют/аэротруба/шар,Санкт-Петербург,266400,27,2024-05-18,2025-06-09
Посещение кинотеатра (СПб и МСК),Посещение кинотеатра,active,Экскурсии/музеи/театр/концерты,Москва;Санкт-Петербург,265277,223,2024-01-09,2026-08-26
QuadRider,QuadRider,active,Мото/квадро/багги/снегоход,Москва,263550,51,2024-11-05,2026-08-29
Follow your guide,Follow your guide,active,Экскурсии/музеи/театр/концерты,Москва;Санкт-Петербург,260146,67,2024-04-09,2026-08-26
Ochey Мск (неактуально),Ochey Мск,inactive,Экскурсии/музеи/театр/концерты,Москва;Санкт-Петербург,258590,162,2024-01-05,2026-02-18
Grand Float,Grand Float,active,Флоатинг,Санкт-Петербург,254509,57,2024-01-11,2026-08-19
"Глемпинг ""Северный Крым""","Глемпинг ""Северный Крым""",active,Глэмпинг/загород/отели,Санкт-Петербург,250631,19,2024-01-09,2026-06-04
Tennis Holding,Tennis Holding,active,VR/квесты/игры/развлечения,Москва;Санкт-Петербург,248500,41,2024-09-16,2026-08-21
RubisCookies,RubisCookies,active,Кулинария/гастро/рестораны,Санкт-Петербург,248208,97,2024-01-18,2026-08-07
IslandBoats,IslandBoats,active,Вода: яхты/катера/сап/сёрф/вейк/дайв,Санкт-Петербург,248190,55,2024-05-24,2026-07-25
ВСМОЛЕ,ВСМОЛЕ,active,Экскурсии/музеи/театр/концерты,Санкт-Петербург,240479,87,2024-05-27,2026-08-24
LapTime,LapTime,active,Авто/дрифт/картинг/гонки,Санкт-Петербург,240000,10,2024-05-08,2026-08-12
ТанкТур,ТанкТур,active,Стрельба/тир/лук/фехтование/танк,Санкт-Петербург,239580,21,2024-04-23,2026-05-15
Ярослав (катер Смарт/Fiart),Ярослав,active,Вода: яхты/катера/сап/сёрф/вейк/дайв,Санкт-Петербург,239025,30,2024-06-03,2026-07-27
Feedback,Feedback,inactive,Прочее,Москва;Санкт-Петербург,236960,97,2025-11-10,2026-08-26
Ёлки,Ёлки,active,Глэмпинг/загород/отели,Санкт-Петербург,235450,29,2025-08-25,2026-08-20
Номинальный сертификат,Номинальный сертификат,inactive,Прочее,Москва;Санкт-Петербург,231790,40,2025-07-08,2026-08-29
"Стрелковый клуб ""Специалист""","Стрелковый клуб ""Специалист""",active,Стрельба/тир/лук/фехтование/танк,Москва;Санкт-Петербург,231285,31,2024-08-01,2026-08-24
"Конный клуб ""Галактика""","Конный клуб ""Галактика""",stale,Конные/фермы/животные,Москва;Санкт-Петербург,231150,69,2024-02-13,2025-08-13
Катер Chapparal (Павел),Катер Chapparal,active,Вода: яхты/катера/сап/сёрф/вейк/дайв,Санкт-Петербург,229360,25,2024-05-30,2026-08-03
Планетарий №1,Планетарий №1,active,Экскурсии/музеи/театр/концерты,Москва;Санкт-Петербург,229214,147,2024-01-01,2026-08-26
Студия автопортрета Reflect,Студия автопортрета Reflect,active,Фото/студии автопортрета,Москва,225466,86,2025-09-29,2026-08-14
Norway Park,Norway Park,active,Глэмпинг/загород/отели,Москва;Санкт-Петербург,221730,57,2024-04-20,2026-08-25
Мото Культура,Мото Культура,active,Мото/квадро/багги/снегоход,Москва,221400,36,2025-02-09,2026-08-20
Тренер ИВАН (Сноуборд и Виндсерф Москва),Тренер ИВАН,active,Вода: яхты/катера/сап/сёрф/вейк/дайв,Москва;Санкт-Петербург,221080,45,2025-02-04,2026-08-06
We.Fly,We.Fly,active,Полёты/парашют/аэротруба/шар,Москва;Санкт-Петербург,218200,52,2024-04-07,2026-08-30
"WOW-Tesla 3, X - не работаем","WOW-Tesla 3, X",inactive,Авто/дрифт/картинг/гонки,Санкт-Петербург,217000,43,2024-01-04,2024-06-25
Ресторан Rurik,Ресторан Rurik,active,Кулинария/гастро/рестораны,Москва;Санкт-Петербург,216750,63,2026-01-11,2026-08-21
"Отель ""Бережки-Холл""","Отель ""Бережки-Холл""",active,Глэмпинг/загород/отели,Москва;Санкт-Петербург,213651,25,2024-09-25,2026-08-07
BAZAR FAMILY,BAZAR FAMILY,active,Кулинария/гастро/рестораны,"Москва;Москва, Санкт-Петербург",211500,33,2025-01-17,2026-08-25
"Конный клуб ""Ерельки""","Конный клуб ""Ерельки""",active,Конные/фермы/животные,Санкт-Петербург,210412,55,2025-03-15,2026-08-27
ShonX,ShonX,active,VR/квесты/игры/развлечения,Санкт-Петербург,210300,11,2024-04-24,2026-05-18
Игра Столов СПб,Игра Столов СПб,active,VR/квесты/игры/развлечения,Санкт-Петербург,209700,26,2024-01-18,2026-08-04
TWIX HOUSE,TWIX HOUSE,active,VR/квесты/игры/развлечения,Москва;Санкт-Петербург,208960,22,2024-10-05,2026-08-27
Spark Custom,Spark Custom,active,Спа/массаж/баня,Санкт-Петербург,208400,56,2024-01-03,2026-08-16
ART DU GOUT,ART DU GOUT,active,Гончарка/творческие МК,Санкт-Петербург,203975,37,2024-01-02,2026-08-05
Небанальный Петербург - не сотрудничаем,Небанальный Петербург,inactive,Кулинария/гастро/рестораны,Москва;Санкт-Петербург,191769,78,2024-02-15,2025-05-14
"Тир ""Клад""","Тир ""Клад""",active,Стрельба/тир/лук/фехтование/танк,Санкт-Петербург,190934,108,2024-01-03,2026-08-23
Клуб виртуальной реальности DiMatrix,Клуб виртуальной реальности DiMatrix,active,VR/квесты/игры/развлечения,Санкт-Петербург,189466,122,2024-02-23,2026-08-17
Чайная компания КитЧай,Чайная компания КитЧай,active,Кулинария/гастро/рестораны,Москва;Санкт-Петербург,189400,102,2024-01-11,2026-08-29
"Арт-квартира ""Мартовский заяц""","Арт-квартира ""Мартовский заяц""",active,Стрельба/тир/лук/фехтование/танк,Санкт-Петербург,187787,75,2024-01-04,2026-08-24
Глэмпинг на ферме,Глэмпинг на ферме,active,Конные/фермы/животные,Москва;Санкт-Петербург,183153,16,2024-10-26,2026-08-09
МОТОВОЯЖ,МОТОВОЯЖ,active,Мото/квадро/багги/снегоход,Санкт-Петербург,183000,60,2024-05-05,2026-08-28
На высоте,На высоте,active,Полёты/парашют/аэротруба/шар,Санкт-Петербург,182585,25,2025-07-08,2026-08-21
КСК Селена - не работаем,КСК Селена,inactive,Конные/фермы/животные,Санкт-Петербург,180780,76,2024-01-02,2025-02-28
Частное лицо (Лиза Томилова) - не работаем,Частное лицо,inactive,Прочее,Москва;Санкт-Петербург,179490,30,2024-01-03,2024-10-27
СКАН ТУР,СКАН ТУР,stale,Экскурсии/музеи/театр/концерты,Москва;Санкт-Петербург,179383,38,2024-01-11,2025-10-07
KAYAKMOSCOW,KAYAKMOSCOW,active,Вода: яхты/катера/сап/сёрф/вейк/дайв,Москва;Санкт-Петербург,178925,33,2024-06-21,2026-08-27
Небо Питера (запись в исключительных случаях),Небо Питера,inactive,Полёты/парашют/аэротруба/шар,Санкт-Петербург,178825,18,2024-06-24,2025-10-01
Dvinina-shwert,Dvinina-shwert,active,Здоровье/йога/растяжка/танцы/голос,Москва;Санкт-Петербург,177125,69,2024-01-06,2026-08-22
Ладога Озеро,Ладога Озеро,active,Вода: яхты/катера/сап/сёрф/вейк/дайв,Москва;Санкт-Петербург,173900,15,2024-05-15,2026-08-25
Усадьба Белово,Усадьба Белово,active,Глэмпинг/загород/отели,Санкт-Петербург,173490,16,2024-02-09,2026-06-26
Sun Park,Sun Park,active,Глэмпинг/загород/отели,Санкт-Петербург,172488,41,2024-10-03,2026-08-12
Laser ProLab,Laser ProLab,active,VR/квесты/игры/развлечения,Санкт-Петербург,170850,86,2025-07-29,2026-08-29
Энергия Высоты,Энергия Высоты,active,Полёты/парашют/аэротруба/шар,Москва;Санкт-Петербург,170126,61,2024-01-29,2026-08-28
ShapeMe,ShapeMe,active,Здоровье/йога/растяжка/танцы/голос,Москва;Санкт-Петербург,169485,54,2025-05-18,2026-08-29
Terspark (не работаем),Terspark,inactive,Спа/массаж/баня,Санкт-Петербург,169300,58,2024-05-13,2026-08-28
"Загородный клуб ""Скандинавия""","Загородный клуб ""Скандинавия""",active,Глэмпинг/загород/отели,Санкт-Петербург,167850,8,2025-01-02,2026-07-03
Квадрорейд (не работаем),Квадрорейд,inactive,Мото/квадро/багги/снегоход,Москва;Санкт-Петербург,163970,37,2024-01-05,2026-03-14
Паралёт (не работает),Паралёт,inactive,Полёты/парашют/аэротруба/шар,Москва;Санкт-Петербург,163800,25,2024-04-21,2026-08-16
Romantic Room,Romantic Room,active,VR/квесты/игры/развлечения,Москва;Санкт-Петербург,163020,23,2024-10-21,2026-04-25
Смарт Солюшинс (не работаем),Смарт Солюшинс,inactive,Гончарка/творческие МК,Санкт-Петербург,161000,14,2024-06-07,2024-09-10
Fencinggroup,Fencinggroup,active,Стрельба/тир/лук/фехтование/танк,Санкт-Петербург,157000,52,2024-01-13,2026-08-23
"Коттедж ""Черника""","Коттедж ""Черника""",active,Глэмпинг/загород/отели,Санкт-Петербург,156990,25,2024-08-13,2026-08-15
ДжипТур (МСК),ДжипТур,active,Экскурсии/музеи/театр/концерты,Москва,156560,17,2024-09-08,2026-08-17
МосНебо - не работаем,МосНебо,inactive,Полёты/парашют/аэротруба/шар,Москва;Санкт-Петербург,155200,35,2024-04-30,2024-09-01
Born2fly,Born2fly,active,Полёты/парашют/аэротруба/шар,Москва;Санкт-Петербург,153000,29,2024-06-11,2026-08-18
RC Club,RC Club,active,Глэмпинг/загород/отели,Санкт-Петербург,152866,65,2024-02-10,2026-08-06
The Park (закрылись),The Park,inactive,Глэмпинг/загород/отели,Санкт-Петербург,146700,37,2025-07-02,2026-08-21
Авиатренажёр Cessna-172,Авиатренажёр Cessna-172,active,Полёты/парашют/аэротруба/шар,Санкт-Петербург,144160,41,2024-11-27,2026-08-18
CHAIN,CHAIN,active,VR/квесты/игры/развлечения,Москва;Санкт-Петербург,139110,92,2024-01-11,2026-07-29
Padel Point (Падел Поинт),Padel Point,active,VR/квесты/игры/развлечения,Санкт-Петербург,133875,45,2026-03-31,2026-08-26
Лапочкино гнездо,Лапочкино гнездо,stale,Экскурсии/музеи/театр/концерты,Москва,130900,4,2024-09-27,2025-08-06
Jean Vallon,Jean Vallon,active,Кулинария/гастро/рестораны,Санкт-Петербург,130500,32,2024-01-10,2026-07-02
Морская гавань (прогулки на яхте),Морская гавань,active,Вода: яхты/катера/сап/сёрф/вейк/дайв,Москва,129000,12,2025-07-03,2026-08-26
Крыши24.рф,Крыши24.рф,active,Полёты/парашют/аэротруба/шар,Москва;Санкт-Петербург,128418,40,2025-08-15,2026-08-26
Ловим рыбу,Ловим рыбу,active,Вода: яхты/катера/сап/сёрф/вейк/дайв,Санкт-Петербург,127702,7,2024-08-23,2026-08-18
"Отель ""Новый Петергоф""","Отель ""Новый Петергоф""",stale,Глэмпинг/загород/отели,Санкт-Петербург,127380,7,2024-10-02,2026-02-24
Zuart,Zuart,active,Гончарка/творческие МК,Москва;Санкт-Петербург,126649,37,2024-03-01,2026-08-10
Мастерская Карла,Мастерская Карла,active,Гончарка/творческие МК,Москва;Санкт-Петербург,124100,22,2025-06-07,2026-08-22
Небесная линия (не записываем),Небесная линия,inactive,Полёты/парашют/аэротруба/шар,Москва;Санкт-Петербург,124000,11,2025-05-02,2026-08-29
Макаровские бани - карточки выключены,Макаровские бани,inactive,Спа/массаж/баня,Санкт-Петербург,123840,16,2024-01-10,2025-03-26
Craft hall,Craft hall,active,Гончарка/творческие МК,Санкт-Петербург,123804,32,2024-01-29,2026-08-19
OLFACTORY LAB (закрыты),OLFACTORY LAB,active,Гончарка/творческие МК,Москва,121500,47,2025-06-19,2026-08-21
Светлана Супранович Фотограф,Светлана Супранович Фотограф,active,Фото/студии автопортрета,Санкт-Петербург,120325,16,2024-06-09,2026-07-08
Gravitycider,Gravitycider,active,Кулинария/гастро/рестораны,Санкт-Петербург,119030,23,2024-08-22,2026-08-22
Посещение музея на выбор (СПб и МСК),Посещение музея на выбор,active,Экскурсии/музеи/театр/концерты,Москва;Санкт-Петербург,118810,73,2024-09-19,2026-08-29
Полеты на шаре - не работаем!,Полеты на шаре,inactive,Полёты/парашют/аэротруба/шар,Санкт-Петербург,115000,5,2024-04-21,2024-06-05
Парапланерный клуб Мое небо,Парапланерный клуб Мое небо,active,Полёты/парашют/аэротруба/шар,Москва;Санкт-Петербург,114800,23,2025-10-03,2026-08-20
"Аквапарк ""Карибия""","Аквапарк ""Карибия""",active,Здоровье/йога/растяжка/танцы/голос,Москва;Санкт-Петербург,112090,31,2024-10-27,2026-07-23
Частное лицо (Лена Степаненко),Частное лицо,inactive,Прочее,Москва;Санкт-Петербург,111850,23,2024-02-16,2026-04-12
Lime Stone,Lime Stone,active,VR/квесты/игры/развлечения,Москва;Санкт-Петербург,110610,37,2024-12-13,2026-06-21
Падел Про (PadelPro) - записываем к Padel Point,Падел Про,active,VR/квесты/игры/развлечения,Санкт-Петербург,109270,26,2024-09-18,2026-03-09
Бореалис (не работаем),Бореалис,inactive,Здоровье/йога/растяжка/танцы/голос,Москва,101575,19,2025-01-26,2026-08-06
Центр телесных и духовных практик «Яесмь» (закрылись),Центр телесных и духовных практик «Яесмь»,inactive,Здоровье/йога/растяжка/танцы/голос,Москва,101058,29,2025-07-01,2026-06-26
На катере Мск (неактуальная карточка),На катере Мск,inactive,Вода: яхты/катера/сап/сёрф/вейк/дайв,Москва,100706,13,2024-06-21,2025-08-30
Fishing Navigator (Рыбалка с гидом в Выборге),Fishing Navigator,active,Вода: яхты/катера/сап/сёрф/вейк/дайв,Санкт-Петербург,100000,7,2025-08-21,2026-08-17
Дом Голоса,Дом Голоса,active,Здоровье/йога/растяжка/танцы/голос,Москва;Санкт-Петербург,98749,23,2024-01-11,2026-05-20
"Частное лицо - (тренер Илья)ПОКА НЕ ЗАПИСЫВАЕМ, ЕСТЬ ДРУГОЙ ТРЕНЕР ИВАН",Частное лицо,inactive,Здоровье/йога/растяжка/танцы/голос,Москва,96200,21,2024-01-17,2025-01-23
"Яхт-клуб ""Бриз"" - не работаем","Яхт-клуб ""Бриз""",inactive,Вода: яхты/катера/сап/сёрф/вейк/дайв,Москва;Санкт-Петербург,92640,27,2024-05-15,2024-07-28
Big Foot,Big Foot,active,VR/квесты/игры/развлечения,Санкт-Петербург,91800,12,2025-09-13,2026-08-25
Lab of Art,Lab of Art,active,Гончарка/творческие МК,Москва,91170,18,2024-09-17,2026-08-19
Самая Ладога,Самая Ладога,active,Вода: яхты/катера/сап/сёрф/вейк/дайв,Санкт-Петербург,90000,12,2024-08-29,2026-08-25
Альбина Создание украшений,Альбина Создание украшений,active,Гончарка/творческие МК,Санкт-Петербург,89500,22,2024-03-06,2026-08-22
Villy Uley Карелия,Villy Uley Карелия,active,Глэмпинг/загород/отели,Москва;Санкт-Петербург,88623,2,2026-01-19,2026-08-08
Мотошкола №1,Мотошкола №1,active,Мото/квадро/багги/снегоход,Санкт-Петербург,87300,11,2024-06-09,2026-08-04
Рисуем песком,Рисуем песком,active,Гончарка/творческие МК,Санкт-Петербург,87100,44,2024-01-04,2026-07-14
"КСК ""ЛУЧ"" - работаем по старым сертификатам","КСК ""ЛУЧ""",inactive,Конные/фермы/животные,Санкт-Петербург,86400,38,2024-02-18,2025-08-09
"Бассейн А30 (не сотрудничаем, работаем по старым сертификатам)",Бассейн А30,inactive,Вода: яхты/катера/сап/сёрф/вейк/дайв,Санкт-Петербург,85000,30,2024-11-09,2026-01-11
Оленья ферма “Бэмби Лэнд”,Оленья ферма “Бэмби Лэнд”,active,Конные/фермы/животные,Москва;Санкт-Петербург,84654,28,2026-02-11,2026-08-25
Квеструм.РФ,Квеструм.РФ,active,VR/квесты/игры/развлечения,Санкт-Петербург,84554,21,2024-01-25,2026-03-31
Cessna Club,Cessna Club,stale,Полёты/парашют/аэротруба/шар,Москва;Санкт-Петербург,79590,8,2024-05-29,2025-10-06
Фабрика Джелато,Фабрика Джелато,active,Кулинария/гастро/рестораны,Санкт-Петербург,78720,40,2025-08-19,2026-08-26
My Tree Camp,My Tree Camp,active,Глэмпинг/загород/отели,Санкт-Петербург,77308,7,2026-04-20,2026-08-10
Double bus (не работаем),Double bus,inactive,Экскурсии/музеи/театр/концерты,Санкт-Петербург,76640,26,2024-05-31,2024-08-21
Русские музыкальные сезоны,Русские музыкальные сезоны,active,Экскурсии/музеи/театр/концерты,Москва,76500,5,2025-12-23,2026-08-25
Brooms,Brooms,active,VR/квесты/игры/развлечения,Санкт-Петербург,75452,8,2024-02-03,2026-03-17
Ивент ПРО (Выше только любовь),Ивент ПРО,active,Экскурсии/музеи/театр/концерты,Москва,72480,24,2026-04-18,2026-08-21
Музыкальный концерт при свечах,Музыкальный концерт при свечах,active,Конные/фермы/животные,Санкт-Петербург,71964,18,2025-07-21,2026-06-03
Vim Marine,Vim Marine,active,Вода: яхты/катера/сап/сёрф/вейк/дайв,Москва,71400,5,2025-08-12,2026-08-21
Molecular Meal,Molecular Meal,active,Кулинария/гастро/рестораны,Москва,71100,10,2024-07-15,2026-07-24
Пешеход Тур,Пешеход Тур,active,Экскурсии/музеи/театр/концерты,Санкт-Петербург,70578,19,2025-08-14,2026-08-17
Sushi Lover (мастер-класс суши),Sushi Lover,active,Кулинария/гастро/рестораны,Москва,68000,12,2024-08-16,2026-08-18
Лесная Избушка (не сотрудничаем),Лесная Избушка,inactive,Глэмпинг/загород/отели,Санкт-Петербург,66400,23,2024-01-01,2026-01-28
Твой Ветер,Твой Ветер,active,Вода: яхты/катера/сап/сёрф/вейк/дайв,Санкт-Петербург,65500,15,2024-06-24,2026-08-06
Шоу Тайм (Show Time),Шоу Тайм,active,Спа/массаж/баня,Санкт-Петербург,63961,43,2024-01-04,2026-07-29
Fly Zone - не записываем,Fly Zone,inactive,Полёты/парашют/аэротруба/шар,Москва;Санкт-Петербург,62100,5,2024-06-09,2024-08-15
Мос-Шарик,Мос-Шарик,active,Полёты/парашют/аэротруба/шар,Москва,61600,7,2025-08-25,2026-07-07
KRAMER'S HOME,KRAMER'S HOME,active,Кулинария/гастро/рестораны,Санкт-Петербург,61200,2,2025-06-17,2026-06-24
Dawinchi Park Вейкборд,Dawinchi Park Вейкборд,active,Вода: яхты/катера/сап/сёрф/вейк/дайв,Санкт-Петербург,60080,30,2024-05-27,2026-08-10
ООО Артиста Гласс,ООО Артиста Гласс,active,Гончарка/творческие МК,Санкт-Петербург,58990,17,2026-02-22,2026-07-27
Главстудия,Главстудия,active,Гончарка/творческие МК,Санкт-Петербург,58425,17,2024-06-03,2026-03-25
Гончарная студия Karamalab (закрылись),Гончарная студия Karamalab,inactive,Гончарка/творческие МК,Санкт-Петербург,58400,22,2024-01-15,2026-03-02
WakeMeSurf (катер Малибу),WakeMeSurf,active,Вода: яхты/катера/сап/сёрф/вейк/дайв,Санкт-Петербург,58100,11,2025-07-17,2026-08-26
Неботут,Неботут,active,Полёты/парашют/аэротруба/шар,Москва,56340,22,2025-02-14,2026-08-09
КСК Бэст,КСК Бэст,active,Конные/фермы/животные,Санкт-Петербург,55675,21,2025-07-24,2026-08-25
RAPT НЕ РАБОТАЕМ,RAPT НЕ РАБОТАЕМ,inactive,Экскурсии/музеи/театр/концерты,Санкт-Петербург,54500,96,2024-02-01,2024-10-21
Сharm travel экскурсии Спб Шарм Тревел (не работаем),Сharm travel экскурсии Спб Шарм Тревел,inactive,Полёты/парашют/аэротруба/шар,Санкт-Петербург,52803,17,2025-12-04,2026-08-25
Стрельба из лука (Станислав),Стрельба из лука,active,Стрельба/тир/лук/фехтование/танк,Санкт-Петербург,52600,17,2024-06-05,2026-08-20
Villy Uley Москва Ока,Villy Uley Москва Ока,stale,Глэмпинг/загород/отели,Москва;Санкт-Петербург,51900,4,2024-07-30,2025-02-07
Kvadrotinger (Вездеходные туры Епихин),Kvadrotinger,active,Мото/квадро/багги/снегоход,Москва,50850,11,2025-12-21,2026-06-14
ADRIONOV - не работаем!,ADRIONOV,inactive,Экскурсии/музеи/театр/концерты,Москва;Санкт-Петербург,50650,19,2024-03-11,2025-06-19
Ломай меня полностью,Ломай меня полностью,active,Здоровье/йога/растяжка/танцы/голос,Москва,50099,6,2025-04-19,2026-08-11
Makeup Kitchen - не сотрудничаем,Makeup Kitchen,inactive,Кулинария/гастро/рестораны,Москва;Санкт-Петербург,50025,33,2024-01-07,2025-01-04
Школа раскрепощения Станислава Миронова,Школа раскрепощения Станислава Миронова,active,Здоровье/йога/растяжка/танцы/голос,Москва;Санкт-Петербург,49950,3,2026-04-22,2026-06-15
"Гончарная студия ""Pause"" (МСК) (закрылись)","Гончарная студия ""Pause""",inactive,Гончарка/творческие МК,Москва,49500,6,2025-08-30,2026-03-04
Студия автопортрета Селфи дом,Студия автопортрета Селфи дом,active,Фото/студии автопортрета,Санкт-Петербург,49488,14,2025-10-12,2026-08-05
El Capitan (закрылись),El Capitan,inactive,Экскурсии/музеи/театр/концерты,Санкт-Петербург,49200,30,2024-01-12,2025-01-25
Швейный цех,Швейный цех,active,Гончарка/творческие МК,Москва;Санкт-Петербург,48150,11,2024-07-27,2026-08-25
Каток в Севкабель,Каток в Севкабель,active,VR/квесты/игры/развлечения,Санкт-Петербург,47980,33,2024-02-17,2026-03-07
EV77,EV77,active,Авто/дрифт/картинг/гонки,Москва,47923,8,2025-08-06,2026-06-15
Спорт-клуб Наутилус,Спорт-клуб Наутилус,active,VR/квесты/игры/развлечения,Санкт-Петербург,47200,5,2026-06-19,2026-08-28
Land Tour,Land Tour,active,Экскурсии/музеи/театр/концерты,Санкт-Петербург,47000,2,2025-08-11,2026-03-02
Fresh Stretching,Fresh Stretching,active,Здоровье/йога/растяжка/танцы/голос,Москва,46348,14,2024-12-13,2026-08-19
"Гончарная студия ""Pause"" (СПб) (закрылись)","Гончарная студия ""Pause""",inactive,Гончарка/творческие МК,Санкт-Петербург,45000,7,2025-08-11,2026-03-06
HandyClass (СПб) (не работаем - см. комм),HandyClass,inactive,Гончарка/творческие МК,Санкт-Петербург,44387,14,2024-03-06,2026-05-01
Sup Center,Sup Center,active,Вода: яхты/катера/сап/сёрф/вейк/дайв,Москва;Санкт-Петербург,43945,11,2024-06-27,2026-07-16
Zavodovskaya.Club,Zavodovskaya.Club,active,Глэмпинг/загород/отели,Москва;Санкт-Петербург,43830,8,2026-01-15,2026-08-12
Dive Planet Spb,Dive Planet Spb,active,Вода: яхты/катера/сап/сёрф/вейк/дайв,Санкт-Петербург,43285,13,2024-08-04,2026-05-24
База отдыха «Эко-хутор Аккала»,База отдыха «Эко-хутор Аккала»,stale,Глэмпинг/загород/отели,Санкт-Петербург,43000,2,2024-10-17,2025-05-28
"Спортивно-стрелковый клуб ""Русское оружие""","Спортивно-стрелковый клуб ""Русское оружие""",active,Стрельба/тир/лук/фехтование/танк,Санкт-Петербург,42650,9,2026-03-09,2026-08-20
Любимый город,Любимый город,active,Экскурсии/музеи/театр/концерты,Москва,42027,22,2024-05-20,2026-08-26
Бэмби Лэнд (конные прогулки),Бэмби Лэнд,active,Конные/фермы/животные,Москва,41650,10,2026-07-26,2026-08-26
Аштанга Йога Центр,Аштанга Йога Центр,active,Здоровье/йога/растяжка/танцы/голос,Санкт-Петербург,40375,9,2025-07-02,2026-08-26
Музей из LEGO,Музей из LEGO,active,Экскурсии/музеи/театр/концерты,Санкт-Петербург,40230,30,2025-05-01,2026-08-13
Фотостудия PHOTOSMAIL (больше не сотрудничаем),Фотостудия PHOTOSMAIL,inactive,Кулинария/гастро/рестораны,Москва,39888,3,2026-01-14,2026-02-09
МосТур НЕ РАБОТАЕМ,МосТур НЕ РАБОТАЕМ,inactive,Экскурсии/музеи/театр/концерты,Москва,39747,9,2024-03-03,2024-11-27
Nekolesnik (Неколесник) (не работает),Nekolesnik,inactive,Мото/квадро/багги/снегоход,Санкт-Петербург,38925,22,2025-05-13,2026-03-21
Три стихии,Три стихии,active,Здоровье/йога/растяжка/танцы/голос,Москва,37500,5,2025-10-12,2026-08-28
Diy Академия,Diy Академия,active,Гончарка/творческие МК,Москва,36805,5,2024-07-22,2026-05-03
Foilrent,Foilrent,active,Вода: яхты/катера/сап/сёрф/вейк/дайв,Санкт-Петербург,36160,6,2026-07-09,2026-08-07
Freezone (волна),Freezone,active,Полёты/парашют/аэротруба/шар,Москва,35505,13,2024-11-26,2026-03-27
Глэмпинг ПАПОРОТНИК,Глэмпинг ПАПОРОТНИК,active,Глэмпинг/загород/отели,Санкт-Петербург,34974,6,2024-07-19,2026-07-14
Пряничное дело,Пряничное дело,active,Гончарка/творческие МК,Москва;Санкт-Петербург,34881,19,2025-01-15,2026-06-15
"Боулинг ""Галактика"" - не работаем","Боулинг ""Галактика""",inactive,VR/квесты/игры/развлечения,Москва;Санкт-Петербург,34680,9,2024-01-03,2024-02-16
Эко-отель «Хоббитлэнд»,Эко-отель «Хоббитлэнд»,active,Глэмпинг/загород/отели,Москва;Санкт-Петербург,34500,5,2026-03-23,2026-08-20
"База отдыха ""Тапиола"" (не работаем)","База отдыха ""Тапиола""",inactive,Глэмпинг/загород/отели,Санкт-Петербург,34450,3,2025-11-28,2026-06-07
Face Zone,Face Zone,active,Здоровье/йога/растяжка/танцы/голос,Санкт-Петербург,34425,15,2024-02-11,2026-07-03
Сошью,Сошью,active,Гончарка/творческие МК,Москва,34200,14,2025-09-26,2026-08-12
Magichands,Magichands,active,Гончарка/творческие МК,Москва,34000,23,2024-10-08,2026-08-27
Sorola village - не работаем,Sorola village,inactive,Глэмпинг/загород/отели,Санкт-Петербург,32928,1,2024-06-21,2024-06-21
Rewax Lab,Rewax Lab,active,Здоровье/йога/растяжка/танцы/голос,Санкт-Петербург,32800,19,2024-08-05,2026-08-03
Yoga Sferа - не сотрудничаем,Yoga Sferа,inactive,Кулинария/гастро/рестораны,Санкт-Петербург,32520,24,2024-01-13,2024-12-17
Berry Floral Занятие по флористике,Berry Floral Занятие по флористике,active,Гончарка/творческие МК,Москва;Санкт-Петербург,32300,5,2025-06-26,2026-04-29
Дайвинг МСК (Левенец),Дайвинг МСК,active,Вода: яхты/катера/сап/сёрф/вейк/дайв,Москва,32000,7,2025-03-02,2026-08-03
Белый ветер,Белый ветер,stale,Вода: яхты/катера/сап/сёрф/вейк/дайв,Санкт-Петербург,32000,5,2025-11-08,2026-01-09
"Автоглэмпинг ""Hippy Hotel""","Автоглэмпинг ""Hippy Hotel""",stale,Глэмпинг/загород/отели,Москва,31865,3,2025-07-13,2025-10-02
City Float не работаем,City Float не работаем,inactive,Флоатинг,Москва;Санкт-Петербург,31275,16,2024-07-04,2025-04-29
Роупджампинг Москва JET,Роупджампинг Москва JET,stale,Здоровье/йога/растяжка/танцы/голос,Москва,31100,13,2024-05-12,2025-05-04
"MetaRacing (не работаем, только старые сертификаты)",MetaRacing,inactive,Авто/дрифт/картинг/гонки,Москва;Санкт-Петербург,30544,16,2025-07-15,2026-05-03
Частное лицо (Глеб) - не работаем,Частное лицо,inactive,Прочее,Санкт-Петербург,28500,3,2024-08-27,2026-07-15
I Love You Rings,I Love You Rings,stale,Гончарка/творческие МК,Санкт-Петербург,28500,1,2025-12-01,2025-12-01
Искусство быть,Искусство быть,active,Здоровье/йога/растяжка/танцы/голос,Москва,28125,7,2025-04-27,2026-04-26
Фотостудия PhotoHouse (не работаем),Фотостудия PhotoHouse,inactive,Фото/студии автопортрета,Санкт-Петербург,28020,4,2024-06-10,2025-12-24
Питбайк24,Питбайк24,active,Мото/квадро/багги/снегоход,Москва,28000,3,2026-01-14,2026-03-03
Сноукайтинг Москва Антон тренер,Сноукайтинг Москва Антон тренер,active,Здоровье/йога/растяжка/танцы/голос,Москва,27700,2,2026-02-05,2026-03-06
Слушай сердцем (концерты),Слушай сердцем,active,Конные/фермы/животные,Санкт-Петербург,26950,9,2026-07-19,2026-08-24
Efoil Fly Guru (не работаем),Efoil Fly Guru,inactive,Полёты/парашют/аэротруба/шар,Санкт-Петербург,25846,5,2025-08-02,2025-08-11
Фотостудия 1 (временно не работаем),Фотостудия 1,inactive,Фото/студии автопортрета,Москва,25660,2,2024-11-12,2025-09-28
WakePhoria (не работаем),WakePhoria,inactive,Вода: яхты/катера/сап/сёрф/вейк/дайв,Москва,25300,5,2025-04-21,2025-08-25
Фотостудия автопортрета MIRROR,Фотостудия автопортрета MIRROR,active,Фото/студии автопортрета,Москва,25240,5,2025-12-20,2026-08-26
Snow Sport,Snow Sport,active,VR/квесты/игры/развлечения,Санкт-Петербург,24750,4,2025-12-08,2026-03-05
Ostrov Camp - более не работает,Ostrov Camp,inactive,Глэмпинг/загород/отели,Санкт-Петербург,23800,5,2024-05-24,2024-08-27
На Волне (Строгино),На Волне,active,Вода: яхты/катера/сап/сёрф/вейк/дайв,Москва;Санкт-Петербург,23625,9,2026-06-23,2026-08-24
SkateTown СПб (не работаем),SkateTown СПб,inactive,VR/квесты/игры/развлечения,Санкт-Петербург,22860,14,2024-02-23,2025-11-20
Lucky Drive (не работают),Lucky Drive,inactive,Авто/дрифт/картинг/гонки,Санкт-Петербург,22550,5,2025-08-25,2025-10-16
Гутарня,Гутарня,active,Гончарка/творческие МК,Москва,22525,8,2026-01-11,2026-07-08
"Музей ретро автомобилей ""Retro Car Show""","Музей ретро автомобилей ""Retro Car Show""",active,VR/квесты/игры/развлечения,Санкт-Петербург,22400,18,2025-09-08,2026-08-01
MosWake - не сотрудничаем,MosWake,inactive,Вода: яхты/катера/сап/сёрф/вейк/дайв,Москва,22275,8,2024-06-19,2024-08-23
Пальмира Арт,Пальмира Арт,active,Гончарка/творческие МК,Санкт-Петербург,21675,4,2024-08-20,2026-07-14
Аюрведическая клиника Aryan (массажи аюрведа),Аюрведическая клиника Aryan,stale,Спа/массаж/баня,Москва,21200,6,2025-10-03,2026-01-26
Эко-ферма Егорово поместье,Эко-ферма Егорово поместье,active,Конные/фермы/животные,Москва,21200,3,2026-07-29,2026-08-21
Bortneva (не работаем),Bortneva,inactive,Прочее,Санкт-Петербург,21000,3,2025-07-15,2025-08-16
Частное лицо (Денис) НЕ РАБОТАЕМ,Частное лицо,inactive,Прочее,Санкт-Петербург,20240,7,2024-05-29,2024-09-03
"Яхтенная компания ""Виктория"" (не работаем)","Яхтенная компания ""Виктория""",inactive,Вода: яхты/катера/сап/сёрф/вейк/дайв,Москва,19720,2,2025-06-29,2026-07-01
Истории Петербурга (экскурсии),Истории Петербурга,active,Конные/фермы/животные,Санкт-Петербург,19520,9,2026-06-28,2026-08-27
"Space Vibe (не работаем, записываем к Fresh Stretching)",Space Vibe,inactive,Спа/массаж/баня,Москва,18462,5,2025-03-10,2025-06-07
LookBox (стилист),LookBox,active,Здоровье/йога/растяжка/танцы/голос,Москва,18400,5,2026-04-14,2026-07-27
КвизФан,КвизФан,active,VR/квесты/игры/развлечения,Санкт-Петербург,18000,17,2024-01-30,2026-08-12
Moscow Improv Club (MIC),Moscow Improv Club,active,Глэмпинг/загород/отели,Москва,18000,9,2025-08-10,2026-08-22
"Загородный клуб ""Северный берег""","Загородный клуб ""Северный берег""",active,Глэмпинг/загород/отели,Санкт-Петербург,16800,2,2026-07-21,2026-08-05
Ecos 360 (не работаем),Ecos 360,inactive,Здоровье/йога/растяжка/танцы/голос,Санкт-Петербург,16575,1,2025-08-27,2025-08-27
GRAFFIN,GRAFFIN,active,Гончарка/творческие МК,Москва,16320,3,2025-08-27,2026-04-08
Фигурный цех (не работаем),Фигурный цех,inactive,Гончарка/творческие МК,Санкт-Петербург,16200,6,2025-04-26,2026-05-19
Figaro,Figaro,active,Гончарка/творческие МК,Москва,15375,6,2025-09-25,2026-05-01
Portal VR (посещение VR-парка) (закрылись),Portal VR,inactive,VR/квесты/игры/развлечения,Москва,15300,8,2025-07-07,2025-12-07
AquaPhotostudia,AquaPhotostudia,stale,Фото/студии автопортрета,Санкт-Петербург,14900,1,2024-05-01,2024-05-01
Квадрорейд (WildSup) - не работаем,Квадрорейд,inactive,Мото/квадро/багги/снегоход,Москва;Санкт-Петербург,14875,6,2024-06-18,2025-05-26
С Аней по Питеру,С Аней по Питеру,active,Экскурсии/музеи/театр/концерты,Санкт-Петербург,14845,5,2024-03-17,2026-05-10
Нева Рива,Нева Рива,active,Вода: яхты/катера/сап/сёрф/вейк/дайв,Санкт-Петербург,13600,1,2026-07-15,2026-07-15
Вот енот - не сотрудничаем,Вот енот,inactive,Конные/фермы/животные,Санкт-Петербург,12650,9,2024-01-20,2024-03-24
VR-квесты Москва (закрылись),VR-квесты Москва,inactive,VR/квесты/игры/развлечения,Москва,11900,3,2025-05-31,2025-10-02
YOGAPLATFORMA - не работаем,YOGAPLATFORMA,inactive,Здоровье/йога/растяжка/танцы/голос,Москва,11150,4,2024-08-07,2024-11-11
Частное лицо (тренер Виктория) - не сотрудничаем,Частное лицо,inactive,Кулинария/гастро/рестораны,Москва,11000,3,2024-01-06,2024-01-15
Частное лицо (Юлия Юлукова) - не сотрудничаем,Частное лицо,inactive,Стрельба/тир/лук/фехтование/танк,Санкт-Петербург,10500,5,2024-01-03,2024-06-17
Anvio VR (закрылись),Anvio VR,inactive,VR/квесты/игры/развлечения,Санкт-Петербург,10200,2,2025-10-13,2025-12-16
Bannoe Wake,Bannoe Wake,active,Вода: яхты/катера/сап/сёрф/вейк/дайв,Санкт-Петербург,9600,4,2026-07-10,2026-08-17
Аэлита (Наталья),Аэлита,active,Прочее,Москва,9600,1,2026-08-10,2026-08-10
Истра Виндсерфинг в Москве (не работаем),Истра Виндсерфинг в Москве,inactive,Вода: яхты/катера/сап/сёрф/вейк/дайв,Москва,9500,1,2025-07-17,2025-07-17
"Дом Белого Журавля (опция ""Погружение"") - не работаем",Дом Белого Журавля,inactive,Здоровье/йога/растяжка/танцы/голос,Москва,9424,8,2024-02-04,2025-04-17
Частное лицо (Виктория) растяжка (см. коммент),Частное лицо,inactive,Здоровье/йога/растяжка/танцы/голос,Санкт-Петербург,9100,4,2025-01-18,2025-07-30
Частное лицо (Глеб)1 - не работаем,Частное лицо,inactive,Прочее,Санкт-Петербург,9000,2,2025-01-25,2026-03-04
Цветомания,Цветомания,active,Гончарка/творческие МК,Санкт-Петербург,9000,3,2026-07-13,2026-08-03
Адаптация (квесты),Адаптация,active,VR/квесты/игры/развлечения,Москва,8985,17,2025-07-26,2026-08-12
Загородный клуб WEST - не сотрудничаем,Загородный клуб WEST,inactive,Глэмпинг/загород/отели,Санкт-Петербург,8500,1,2024-08-23,2024-08-23
Глэмпинг Boho Camp (не работают),Глэмпинг Boho Camp,inactive,Глэмпинг/загород/отели,Санкт-Петербург,8500,1,2024-10-21,2024-10-21
Море внутри,Море внутри,stale,Здоровье/йога/растяжка/танцы/голос,Москва;Санкт-Петербург,7600,2,2024-01-27,2024-02-11
Океаническая волна Voda&Surf,Океаническая волна Voda&Surf,active,Вода: яхты/катера/сап/сёрф/вейк/дайв,Санкт-Петербург,7280,1,2026-07-17,2026-07-17
Отель Гелиос,Отель Гелиос,stale,Глэмпинг/загород/отели,Санкт-Петербург,6412,1,2024-10-11,2024-10-11
Barre 1 (закрылись),Barre 1,inactive,Здоровье/йога/растяжка/танцы/голос,Санкт-Петербург,6350,1,2026-01-14,2026-01-14
SkateTown (МСК),SkateTown,active,VR/квесты/игры/развлечения,Москва,6075,3,2025-06-30,2026-08-11
Surron Travel,Surron Travel,stale,Мото/квадро/багги/снегоход,Санкт-Петербург,6000,1,2024-06-15,2024-06-15
ХаскиХолл - НЕ РАБОТАЕМ,ХаскиХолл,inactive,Конные/фермы/животные,Санкт-Петербург,5400,2,2024-01-01,2024-01-10
ХМЕЧНО,ХМЕЧНО,stale,Кулинария/гастро/рестораны,Москва,5270,1,2026-02-01,2026-02-01
Наборы МСК,Наборы МСК,inactive,Прочее,Москва,5188,3,2024-11-03,2025-03-03
"BBQ Boats (СПб) не работает, не записываем никого!",BBQ Boats,inactive,Вода: яхты/катера/сап/сёрф/вейк/дайв,Санкт-Петербург,4800,1,2025-07-17,2025-07-17
Сам снимай - не работаем,Сам снимай,inactive,Фото/студии автопортрета,Санкт-Петербург,3675,1,2025-09-22,2025-09-22
Батуты Space Park - не работаем,Батуты Space Park,inactive,Спа/массаж/баня,Санкт-Петербург,3600,3,2024-01-04,2024-04-27
Юрий Катера - не сотрудничаем,Юрий Катера,inactive,Вода: яхты/катера/сап/сёрф/вейк/дайв,Санкт-Петербург,3290,1,2024-05-07,2024-05-07
ИП Викторов Илья,ИП Викторов Илья,inactive,Прочее,Москва;Санкт-Петербург,2675,13,2026-07-09,2026-08-17
Heattehnik,Heattehnik,inactive,Прочее,Санкт-Петербург,2000,1,2025-05-20,2025-05-20
Alpine-spa (Альпина спа) не работаем,Alpine-spa,inactive,Спа/массаж/баня,Санкт-Петербург,1138,5,2024-12-23,2025-03-03
Виталий Сetera,Виталий Сetera,inactive,Прочее,Санкт-Петербург,1000,1,2025-03-25,2025-03-25
ПартнерТест1,ПартнерТест1,inactive,Гончарка/творческие МК,Санкт-Петербург,90,1,2026-08-21,2026-08-21
ПартнерТест2,ПартнерТест2,inactive,Гончарка/творческие МК,Санкт-Петербург,90,1,2026-08-21,2026-08-21
ПартнерТест4,ПартнерТест4,inactive,Гончарка/творческие МК,Санкт-Петербург,90,1,2026-08-21,2026-08-21
Авиатурсеверка,Авиатурсеверка,stale,Полёты/парашют/аэротруба/шар,Москва;Санкт-Петербург,0,8,2024-06-13,2025-01-06
Белка Сквош - не сотрудничаем,Белка Сквош,inactive,Кулинария/гастро/рестораны,Москва,0,4,2024-08-12,2025-01-19
"Музей в темноте ""Сенсориум"" - не работаем","Музей в темноте ""Сенсориум""",inactive,Экскурсии/музеи/театр/концерты,Москва,0,2,2024-11-23,2026-06-25
Тепло по телу - не работаем,Тепло по телу,inactive,Спа/массаж/баня,Санкт-Петербург,0,3,2024-11-25,2025-03-08
